strike,ltp_CE,ltp_PE,ltp_prev_CE,ltp_prev_PE,oi_CE,oi_PE,oi_change_CE,oi_change_PE,price_change_CE,price_change_PE,oi_diff
43500,,5.4,,0.0,,557.2857142857143,,64.0,,5.4,
46500,0.0,5.25,0.0,0.0,0.0,563.0,0.0,199.0,0.0,5.25,-563.0
47000,0.0,6.2,0.0,0.0,0.0,411.0,0.0,16.0,0.0,6.2,-411.0
47500,0.0,6.85,0.0,0.0,0.0,389.0,0.0,4.0,0.0,6.85,-389.0
48000,0.0,7.15,0.0,0.0,2319.0,1484.0,0.0,3.0,0.0,7.15,835.0
48500,0.0,7.35,0.0,0.0,3.0,118.0,0.0,-22.0,0.0,7.35,-115.0
49000,0.0,7.0,0.0,0.0,481.0,340.0,0.0,-45.0,0.0,7.0,141.0
49500,0.0,7.0,0.0,0.0,12.0,107.0,0.0,-5.0,0.0,7.0,-95.0
49600,0.0,7.5,0.0,0.0,0.0,57.0,0.0,41.0,0.0,7.5,-57.0
49700,0.0,7.75,0.0,0.0,1.0,21.0,0.0,0.0,0.0,7.75,-20.0
49800,0.0,7.55,0.0,0.0,1.0,24.0,0.0,-2.0,0.0,7.55,-23.0
49900,0.0,8.05,0.0,0.0,1.0,52.0,0.0,-1.0,0.0,8.05,-51.0
50000,9972.8,7.5,0.0,0.0,2194.0,6835.0,138.0,-67.0,9972.8,7.5,-4641.0
50100,0.0,8.55,0.0,0.0,1.0,91.0,0.0,22.0,0.0,8.55,-90.0
50200,0.0,8.0,0.0,0.0,1.0,22.0,0.0,7.0,0.0,8.0,-21.0
50300,0.0,8.4,0.0,0.0,1.0,19.0,0.0,4.0,0.0,8.4,-18.0
50400,0.0,7.45,0.0,0.0,1.0,16.0,0.0,1.0,0.0,7.45,-15.0
50500,0.0,8.0,0.0,0.0,19.0,444.0,0.0,1.0,0.0,8.0,-425.0
50600,0.0,8.3,0.0,0.0,1.0,10.0,0.0,0.0,0.0,8.3,-9.0
50700,0.0,8.6,0.0,0.0,1.0,21.0,0.0,-3.0,0.0,8.6,-20.0
50800,0.0,8.95,0.0,0.0,1.0,13.0,0.0,0.0,0.0,8.95,-12.0
50900,0.0,9.05,0.0,0.0,1.0,19.0,0.0,1.0,0.0,9.05,-18.0
51000,8940.0,10.0,0.0,0.0,648.4285714285714,2568.5714285714284,0.0,-45.714285714285715,8940.0,10.0,-1920.1428571428569
51100,0.0,9.3,0.0,0.0,1.0,16.0,0.0,-7.0,0.0,9.3,-15.0
51200,0.0,9.25,0.0,0.0,1.0,27.0,0.0,-5.0,0.0,9.25,-26.0
51300,0.0,8.7,0.0,0.0,1.0,22.0,0.0,0.0,0.0,8.7,-21.0
51400,0.0,10.0,0.0,0.0,1.0,83.0,0.0,9.0,0.0,10.0,-82.0
51500,0.0,9.75,0.0,0.0,21.0,445.0,0.0,137.0,0.0,9.75,-424.0
51600,0.0,9.9,0.0,0.0,1.0,18.0,0.0,-1.0,0.0,9.9,-17.0
51700,0.0,10.1,0.0,0.0,1.0,18.0,0.0,-1.0,0.0,10.1,-17.0
51800,0.0,10.5,0.0,0.0,3.0,85.0,0.0,58.0,0.0,10.5,-82.0
51900,0.0,10.2,0.0,0.0,4.0,15.0,0.0,0.0,0.0,10.2,-11.0
52000,8008.0,11.45,0.0,0.0,856.0,2264.0,-1.0,-89.0,8008.0,11.45,-1408.0
52100,0.0,11.0,0.0,0.0,1.0,29.0,0.0,3.0,0.0,11.0,-28.0
52200,0.0,11.0,0.0,0.0,1.0,16.0,0.0,-5.0,0.0,11.0,-15.0
52300,0.0,10.0,0.0,0.0,1.0,47.0,0.0,-4.0,0.0,10.0,-46.0
52400,0.0,10.85,0.0,0.0,1.0,48.0,0.0,1.0,0.0,10.85,-47.0
52500,7550.0,11.2,0.0,0.0,28.0,1142.4285714285713,0.0,-31.0,7550.0,11.2,-1114.4285714285713
52600,0.0,11.25,0.0,0.0,3.0,31.0,0.0,-1.0,0.0,11.25,-28.0
52700,0.0,11.35,0.0,0.0,1.0,28.0,0.0,-1.0,0.0,11.35,-27.0
52800,0.0,11.55,0.0,0.0,2.0,24.0,0.0,1.0,0.0,11.55,-22.0
52900,0.0,11.25,0.0,0.0,2.0,69.0,0.0,14.0,0.0,11.25,-67.0
53000,6886.35,11.9,0.0,0.0,851.0,4264.0,-2.0,-71.0,6886.35,11.9,-3413.0
53100,0.0,12.0,0.0,0.0,3.0,28.0,0.0,1.0,0.0,12.0,-25.0
53200,0.0,11.1,0.0,0.0,2.0,55.0,0.0,0.0,0.0,11.1,-53.0
53300,0.0,10.2,0.0,0.0,2.0,75.0,0.0,-4.0,0.0,10.2,-73.0
53400,0.0,13.05,0.0,0.0,2.0,43.0,0.0,0.0,0.0,13.05,-41.0
53500,0.0,13.7,0.0,0.0,105.0,1896.0,0.0,266.0,0.0,13.7,-1791.0
53600,0.0,13.0,0.0,0.0,30.0,50.0,0.0,0.0,0.0,13.0,-20.0
53700,0.0,13.85,0.0,0.0,3.0,44.0,0.0,-3.0,0.0,13.85,-41.0
53800,0.0,13.05,0.0,0.0,4.0,37.0,0.0,11.0,0.0,13.05,-33.0
53900,0.0,14.0,0.0,0.0,4.0,84.0,0.0,-15.0,0.0,14.0,-80.0
54000,6020.0,14.45,0.0,0.0,1788.2857142857142,8642.0,8.0,-1.0,6020.0,14.45,-6853.714285714286
54100,0.0,15.45,0.0,0.0,4.0,56.0,0.0,3.0,0.0,15.45,-52.0
54200,0.0,15.55,0.0,0.0,51.0,107.0,0.0,0.0,0.0,15.55,-56.0
54300,0.0,15.75,0.0,0.0,4.0,57.0,0.0,-4.0,0.0,15.75,-53.0
54400,0.0,16.6,0.0,0.0,135.0,90.0,0.0,-13.0,0.0,16.6,45.0
54500,5508.0,16.2,0.0,0.0,250.0,2777.0,0.0,-192.0,5508.0,16.2,-2527.0
54600,0.0,17.35,0.0,0.0,8.0,67.0,0.0,-6.0,0.0,17.35,-59.0
54700,0.0,14.45,0.0,0.0,53.0,135.0,0.0,-2.0,0.0,14.45,-82.0
54800,0.0,18.1,0.0,0.0,30.0,132.0,0.0,24.0,0.0,18.1,-102.0
54900,0.0,19.0,0.0,0.0,72.0,337.0,0.0,11.0,0.0,19.0,-265.0
55000,4993.25,18.95,0.0,0.0,1784.0,12818.0,12.0,480.0,4993.25,18.95,-11034.0
55100,0.0,20.2,0.0,0.0,24.0,193.0,0.0,6.0,0.0,20.2,-169.0
55200,0.0,20.8,0.0,0.0,4.0,304.0,0.0,14.0,0.0,20.8,-300.0
55300,0.0,22.25,0.0,0.0,21.0,167.0,0.0,-8.0,0.0,22.25,-146.0
55400,0.0,22.95,0.0,0.0,113.0,151.0,0.0,10.0,0.0,22.95,-38.0
55500,4430.35,23.25,0.0,0.0,2538.0,8180.857142857143,7.0,-201.0,4430.35,23.25,-5642.857142857143
55600,0.0,27.25,0.0,0.0,8.0,718.0,0.0,277.0,0.0,27.25,-710.0
55700,0.0,24.25,0.0,0.0,8.0,485.0,0.0,18.0,0.0,24.25,-477.0
55800,0.0,25.9,0.0,0.0,16.0,358.0,0.0,-62.0,0.0,25.9,-342.0
55900,3839.3,28.0,0.0,0.0,15.0,181.0,0.0,-15.0,3839.3,28.0,-166.0
56000,4032.0,29.6,0.0,0.0,2683.0,14509.0,7.0,813.0,4032.0,29.6,-11826.0
56100,0.0,30.45,0.0,0.0,10.0,1073.0,0.0,489.0,0.0,30.45,-1063.0
56200,0.0,31.45,0.0,0.0,9.0,836.0,0.0,-139.0,0.0,31.45,-827.0
56300,0.0,34.5,0.0,0.0,11.0,744.0,0.0,-111.0,0.0,34.5,-733.0
56400,0.0,34.25,0.0,0.0,23.0,630.0,0.0,-89.0,0.0,34.25,-607.0
56500,3574.15,36.7,0.0,0.0,930.0,7574.0,2.0,-716.0,3574.15,36.7,-6644.0
56600,0.0,39.95,0.0,0.0,22.0,1883.0,0.0,907.0,0.0,39.95,-1861.0
56700,0.0,40.35,0.0,0.0,18.0,588.0,0.0,-316.0,0.0,40.35,-570.0
56800,0.0,44.25,0.0,0.0,42.0,1298.0,0.0,77.0,0.0,44.25,-1256.0
56900,0.0,47.6,0.0,0.0,15.0,859.0,0.0,-82.0,0.0,47.6,-844.0
57000,3109.25,50.0,0.0,0.0,3768.0,17724.0,11.0,1311.0,3109.25,50.0,-13956.0
57100,2900.0,52.1,0.0,0.0,13.0,1488.0,0.0,299.0,2900.0,52.1,-1475.0
57200,2871.9,55.65,0.0,0.0,80.0,1802.0,-1.0,-221.0,2871.9,55.65,-1722.0
57300,2763.15,58.85,0.0,0.0,86.0,2397.0,-1.0,401.0,2763.15,58.85,-2311.0
57400,2640.65,63.9,0.0,0.0,153.0,1823.0,0.0,430.0,2640.65,63.9,-1670.0
57500,2588.4,69.6,0.0,0.0,1743.0,15906.0,22.0,458.0,2588.4,69.6,-14163.0
57600,2458.55,74.05,0.0,0.0,160.0,1585.0,-3.0,219.0,2458.55,74.05,-1425.0
57700,2365.2,80.9,0.0,0.0,274.0,2020.0,-4.0,223.0,2365.2,80.9,-1746.0
57800,2352.8,88.0,0.0,0.0,236.0,3383.0,-1.0,819.0,2352.8,88.0,-3147.0
57900,2180.0,93.65,0.0,0.0,212.0,1622.0,10.0,-199.0,2180.0,93.65,-1410.0
58000,2170.0,103.3,0.0,0.0,6140.0,27901.0,890.0,4379.0,2170.0,103.3,-21761.0
58100,2068.3,111.0,0.0,0.0,280.0,1433.0,-12.0,-288.0,2068.3,111.0,-1153.0
58200,1938.1,121.25,0.0,0.0,302.0,2628.0,-9.0,-147.0,1938.1,121.25,-2326.0
58300,1892.0,132.0,0.0,0.0,350.0,2597.0,-2.0,785.0,1892.0,132.0,-2247.0
58400,1810.65,142.1,0.0,0.0,350.0,4361.0,-16.0,-473.0,1810.65,142.1,-4011.0
58500,1726.0,155.15,0.0,0.0,23659.0,29656.0,-298.0,1419.0,1726.0,155.15,-5997.0
58600,1635.0,170.7,0.0,0.0,457.0,3154.0,41.0,701.0,1635.0,170.7,-2697.0
58700,1549.0,185.5,0.0,0.0,729.0,3623.0,113.0,909.0,1549.0,185.5,-2894.0
58800,1475.1,202.1,0.0,0.0,1783.0,4616.0,720.0,368.0,1475.1,202.1,-2833.0
58900,1370.05,220.5,0.0,0.0,844.0,4190.0,-82.0,802.0,1370.05,220.5,-3346.0
59000,1309.9,239.0,0.0,0.0,17315.0,38468.0,-2089.0,5151.0,1309.9,239.0,-21153.0
59100,1235.0,264.1,0.0,0.0,1697.0,5640.0,-414.0,1281.0,1235.0,264.1,-3943.0
59200,1161.35,286.0,0.0,0.0,2061.0,6515.0,-1372.0,-983.0,1161.35,286.0,-4454.0
59300,1081.8,312.0,0.0,0.0,2303.0,6030.0,-2425.0,1382.0,1081.8,312.0,-3727.0
59400,1016.8,339.6,0.0,0.0,3831.0,5310.0,-2468.0,173.0,1016.8,339.6,-1479.0
59500,938.0,367.25,0.0,0.0,29189.0,47599.0,-6252.0,3506.0,938.0,367.25,-18410.0
59600,876.2,404.15,0.0,0.0,4996.0,5542.0,-1306.0,1495.0,876.2,404.15,-546.0
59700,815.0,437.3,0.0,0.0,7661.0,6928.0,770.0,2649.0,815.0,437.3,733.0
59800,752.0,475.05,0.0,0.0,8676.0,8396.0,-318.0,3163.0,752.0,475.05,280.0
59900,695.0,519.9,0.0,0.0,6126.0,2969.0,-746.0,1437.0,695.0,519.9,3157.0
60000,636.25,563.25,0.0,0.0,36579.0,22362.0,-5141.0,5160.0,636.25,563.25,14217.0
60100,589.9,610.75,0.0,0.0,6417.0,3373.0,509.0,1066.0,589.9,610.75,3044.0
60200,536.0,660.0,0.0,0.0,4516.0,1987.0,-196.0,120.0,536.0,660.0,2529.0
60300,489.35,713.45,0.0,0.0,3027.0,1377.0,-486.0,-820.0,489.35,713.45,1650.0
60400,442.05,767.8,0.0,0.0,3309.0,672.0,-980.0,129.0,442.05,767.8,2637.0
60500,402.9,820.05,0.0,0.0,12663.0,3076.0,-1753.0,-262.0,402.9,820.05,9587.0
60600,365.25,884.7,0.0,0.0,2824.0,725.0,167.0,-215.0,365.25,884.7,2099.0
60700,329.15,951.7,0.0,0.0,3010.0,396.0,235.0,122.0,329.15,951.7,2614.0
60800,294.6,1019.4,0.0,0.0,3528.0,305.0,520.0,13.0,294.6,1019.4,3223.0
60900,263.25,1084.9,0.0,0.0,2691.0,732.0,650.0,63.0,263.25,1084.9,1959.0
61000,235.2,1150.15,0.0,0.0,21055.0,3565.0,480.0,111.0,235.2,1150.15,17490.0
61100,210.0,1222.5,0.0,0.0,1996.0,347.0,440.0,171.0,210.0,1222.5,1649.0
61200,186.35,1302.0,0.0,0.0,2824.0,134.0,695.0,7.0,186.35,1302.0,2690.0
61300,164.55,1407.55,0.0,0.0,2128.0,88.0,374.0,0.0,164.55,1407.55,2040.0
61400,146.75,1582.85,0.0,0.0,1416.0,100.0,-271.0,8.0,146.75,1582.85,1316.0
61500,130.15,1554.9,0.0,0.0,13856.0,607.0,-601.0,70.0,130.15,1554.9,13249.0
61600,115.0,1753.7,0.0,0.0,1450.0,125.0,111.0,11.0,115.0,1753.7,1325.0
61700,101.85,1840.7,0.0,0.0,1998.0,96.0,152.0,11.0,101.85,1840.7,1902.0
61800,88.95,1930.25,0.0,0.0,2315.0,122.0,-433.0,0.0,88.95,1930.25,2193.0
61900,78.9,2019.15,0.0,0.0,1273.0,10.0,98.0,0.0,78.9,2019.15,1263.0
62000,69.75,1978.2,0.0,0.0,20951.0,2148.0,1359.0,133.0,69.75,1978.2,18803.0
62100,62.1,0.0,0.0,0.0,1378.0,6.0,-46.0,0.0,62.1,0.0,1372.0
62200,54.6,0.0,0.0,0.0,2364.0,3.0,124.0,0.0,54.6,0.0,2361.0
62300,49.45,0.0,0.0,0.0,2021.0,5.0,190.0,0.0,49.45,0.0,2016.0
62400,44.75,0.0,0.0,0.0,1248.0,4.0,-117.0,0.0,44.75,0.0,1244.0
62500,39.45,0.0,0.0,0.0,8952.0,10.0,1884.0,0.0,39.45,0.0,8942.0
62600,37.4,0.0,0.0,0.0,1406.0,5.0,89.0,0.0,37.4,0.0,1401.0
62700,32.0,0.0,0.0,0.0,751.0,5.0,165.0,0.0,32.0,0.0,746.0
62800,29.15,0.0,0.0,0.0,696.0,4.0,91.0,0.0,29.15,0.0,692.0
62900,28.0,0.0,0.0,0.0,769.0,2.0,163.0,0.0,28.0,0.0,767.0
63000,26.6,2934.0,0.0,0.0,22835.0,1160.0,1704.0,-13.0,26.6,2934.0,21675.0
63100,22.0,0.0,0.0,0.0,705.0,2.0,83.0,0.0,22.0,0.0,703.0
63200,21.25,0.0,0.0,0.0,470.0,7.0,-21.0,0.0,21.25,0.0,463.0
63300,21.1,0.0,0.0,0.0,494.0,1.0,14.0,0.0,21.1,0.0,493.0
63400,19.25,0.0,0.0,0.0,208.0,0.0,23.0,0.0,19.25,0.0,208.0
63500,17.4,3435.0,0.0,0.0,5222.0,3.0,2.0,0.0,17.4,3435.0,5219.0
63600,18.05,0.0,0.0,0.0,335.0,0.0,-35.0,0.0,18.05,0.0,335.0
63700,16.8,0.0,0.0,0.0,249.0,0.0,-27.0,0.0,16.8,0.0,249.0
63800,16.75,0.0,0.0,0.0,209.0,0.0,28.0,0.0,16.75,0.0,209.0
63900,15.0,0.0,0.0,0.0,260.0,0.0,-17.0,0.0,15.0,0.0,260.0
64000,14.15,3936.7,0.0,0.0,13350.0,540.0,-2558.0,4.0,14.15,3936.7,12810.0
64100,13.9,0.0,0.0,0.0,233.0,1.0,-26.0,0.0,13.9,0.0,232.0
64200,13.35,0.0,0.0,0.0,73.0,2.0,12.0,0.0,13.35,0.0,71.0
64300,12.75,0.0,0.0,0.0,45.0,1.0,-144.0,0.0,12.75,0.0,44.0
64400,11.45,0.0,0.0,0.0,66.0,0.0,23.0,0.0,11.45,0.0,66.0
64500,11.7,0.0,0.0,0.0,3400.0,34.0,-191.0,0.0,11.7,0.0,3366.0
64600,12.5,0.0,0.0,0.0,68.0,0.0,8.0,0.0,12.5,0.0,68.0
64700,12.2,0.0,0.0,0.0,85.0,0.0,14.0,0.0,12.2,0.0,85.0
64800,9.9,0.0,0.0,0.0,39.0,0.0,11.0,0.0,9.9,0.0,39.0
65000,10.85,4950.0,0.0,0.0,10779.0,713.0,368.0,2.0,10.85,4950.0,10066.0
65500,9.0,0.0,0.0,0.0,641.0,1.0,-65.0,0.0,9.0,0.0,640.0
66000,7.6,6275.0,0.0,0.0,2567.0,262.0,-48.0,0.0,7.6,6275.0,2305.0
66500,5.45,0.0,0.0,0.0,3446.0,0.0,81.0,0.0,5.45,0.0,3446.0
67000,5.0,0.0,0.0,0.0,7532.0,238.0,673.0,0.0,5.0,0.0,7294.0
67500,5.25,0.0,0.0,0.0,646.0,0.0,168.0,0.0,5.25,0.0,646.0
